{
  "project_info": {
    "project_number": "858070914202",
    "project_id": "proyectoicfesfirebase",
    "storage_bucket": "proyectoicfesfirebase.appspot.com"
  },
  "client": [
    {
      "client_info": {
        "mobilesdk_app_id": "1:858070914202:android:454e0eaf25b926edbefb23",
        "android_client_info": {
          "package_name": "com.example.proyectoicfesfirebase"
        }
      },
      "oauth_client": [
        {
          "client_id": "858070914202-ru3br9ss4310i1j6e9ji1254m24rgqpj.apps.googleusercontent.com",
          "client_type": 3
        }
      ],
      "api_key": [
        {
          "current_key": "AIzaSyDtx1BiiFjK5Ar4kMh3QBAh1QhfbIabowo"
        }
      ],
      "services": {
        "appinvite_service": {
          "other_platform_oauth_client": [
            {
              "client_id": "858070914202-ru3br9ss4310i1j6e9ji1254m24rgqpj.apps.googleusercontent.com",
              "client_type": 3
            }
          ]
        }
      }
    }
  ],
  "configuration_version": "1"
}